text,label
Dịch vụ tạm hài lòng,neutral
Dịch vụ hài lòng,positive
Sản phẩm không hài lòng!!,negative
Sản phẩm chưa ấn tượng!!,neutral
Mình mọi thứ đều ổn định và vui vẻ!,positive
Món hàng mình cảm thấy thất vọng.,negative
Tôi tôi cực kỳ phấn khích.,positive
Mình ổn!!,neutral
Chuyến đi hôm nay thật tuyệt!,positive
Bản thân tôi thật là một ngày ý nghĩa!!,positive
Cuộc gặp gỡ hôm nay thật tuyệt!!,positive
Cuộc gặp gỡ tạm ổn.,neutral
Buổi tối hôm qua đáng đồng tiền!!,positive
Món hàng tạm ổn.,neutral
Tôi cuộc sống thật đẹp!!,positive
Tôi toi vui,positive
Buổi tối hôm qua rất kém,negative
Ngày hôm nay đẹp và bền!,positive
Cuộc sống mình cảm thấy hạnh phúc.,positive
Mình tôi thấy bình thường.,neutral
Ngày hôm nay toi hanh phucrất tốt!,positive
Tụi mình mọi thứ đều ổn định và vui vẻ!!,positive
Cả nhóm mình khuyên nên thử!,positive
Cả nhóm toi khong cam thay gi nhieu,neutral
Cuộc gặp gỡ đây là một cái bàn.,neutral
Chuyến đi không đúng mô tả,negative
Sản phẩm không đúng mô tả,negative
Món hàng cũng được!!,neutral
Món hàng trung bình!,neutral
Giao dịch tôi cực kỳ phấn khích.,positive
Cuộc sống tôi không cảm thấy gì nhiều,neutral
Chuyến đi sản phẩm lỗi!,negative
Cả nhóm that la mot ngay kinh khung!!,negative
Bản thân tôi sản phẩm lỗi.,negative
Cuộc gặp gỡ vừa đủ dùng,neutral
Buổi tối hôm qua tôi không cảm thấy gì nhiều!,neutral
Trải nghiệm này cuộc sống thật khó khăn.,negative
Món hàng tôi thấy bực mình!,negative
Trải nghiệm này tuyệt vời,positive
Cả nhóm hôm nay thật tuyệt,positive
Chuyến đi toi khong cam thay gi nhieu!!,neutral
Chuyến đi đây là một cái bàn!,neutral
Dịch vụ đây là một cái bàn!!,neutral
Cuộc gặp gỡ không đúng mô tả,negative
Buổi tối hôm qua hài lòng!,positive
Trải nghiệm này chưa ấn tượng.,neutral
Giao dịch ngày hôm nay cũng như mọi ngày,neutral
Chuyến đi dịch vụ tận tình!,positive
Tôi đây là một cái bàn,neutral
Cuộc sống mình cảm thấy thất vọng!!,negative
Sản phẩm rất tệ,negative
Hàng hóa rất kém,negative
Chuyến đi mình khuyên nên thử!,positive
Tôi đây là một cái bàn,neutral
Hàng hóa giao hàng chậm!!,negative
Cả nhóm dịch vụ tận tình!!,positive
Cả nhóm thất vọng.,negative
Buổi sáng nay tôi thấy bực mình.,negative
Tụi mình đúng như mong đợi!!,neutral
Món hàng toi vui!!,positive
Chuyến đi ngon lành.,positive
Dịch vụ toi hanh phucrất tốt.,positive
Chuyến đi toi hanh phucrất tốt,positive
Cuộc sống dịch vụ tận tình!!,positive
Buổi tối hôm qua tôi cực kỳ phấn khích!!,positive
Công việc không vui cũng không buồn!!,neutral
Cả nhóm rất tệ!!,negative
Cuộc sống khá ổn,neutral
Cuộc sống đây là một cái bàn!,neutral
Đơn hàng tiền mất tật mang,negative
Dịch vụ tôi rất buồn!,negative
Bản thân tôi tôi rất buồn!,negative
Dịch vụ sẽ ủng hộ lần sau.,positive
Sản phẩm tôi rất vui!!,positive
Cuộc gặp gỡ mọi thứ đều đi sai hướng!!,negative
Hàng hóa hoàn toàn thất vọng!!,negative
Tụi mình toi thich.,positive
Bản thân tôi rất đáng mua!!,positive
Đơn hàng tạm ổn!!,neutral
Buổi tối hôm qua tôi rất vui,positive
Tôi that la mot ngay kinh khung.,negative
Bản thân tôi sẽ ủng hộ lần sau!!,positive
Món hàng ngon lành!!,positive
Món hàng được thôi!,neutral
Tôi không hài lòng,negative
Ngày hôm nay cuộc sống thật khó khăn,negative
Đơn hàng tôi không muốn nói chuyện nữa.,negative
Ngày hôm nay tôi ghét công việc này,negative
Chuyến đi không tệ,neutral
Cả nhóm máy tính của tôi màu đen.,neutral
Cuộc gặp gỡ tôi không muốn nói chuyện nữa!!,negative
Trải nghiệm này dịch vụ tệ!,negative
Trải nghiệm này toi khong cam thay gi nhieu.,neutral
Tôi xuất sắc,positive
Tụi mình tôi rất buồn,negative
Buổi sáng nay giao hàng chậm!!,negative
Ngày hôm nay mình cảm thấy thất vọng,negative
Mình chưa ấn tượng!!,neutral
Thời tiết đáng đồng tiền!,positive
Dịch vụ ổn!!,neutral
Giao dịch tôi cực kỳ phấn khích,positive
Ngày hôm nay đáng đồng tiền.,positive
Sản phẩm đáng đồng tiền.,positive
Mình rất thích!!,positive
Giao dịch rất thích,positive
Tôi rất bực mình!,negative
Tụi mình đúng như mong đợi!!,neutral
Dịch vụ tôi đang nghe nhạc.,neutral
Mình tôi có một chiếc xe máy!,neutral
Thời tiết bình thường,neutral
Sản phẩm hôm nay thật tuyệt!!,positive
Món hàng đáng đồng tiền.,positive
Tụi mình mình đang rất mệt mỏi,negative
Tôi tôi ghét công việc này,negative
Chuyến đi xuất sắc!!,positive
Ngày hôm nay tiền mất tật mang,negative
Đơn hàng hài lòng!!,positive
Mình tôi giận dữ!!,negative
Cả nhóm mình cảm thấy thất vọng,negative
Hàng hóa tôi có một chiếc xe máy,neutral
Buổi sáng nay tôi cực kỳ phấn khích,positive
Mình rất kém!,negative
Giao dịch hôm nay thật tuyệt!,positive
Dịch vụ hài lòng!!,positive
Cả nhóm đóng gói cẩu thả.,negative
Trải nghiệm này tôi thấy bực mình,negative
Dịch vụ không đáng mua!,negative
Thời tiết tôi thấy rất tốt,positive
Đơn hàng toi met moi!,negative
Cuộc sống vượt mong đợi!,positive
Cả nhóm tôi cực kỳ phấn khích,positive
Giao dịch mình cảm thấy hạnh phúc,positive
Buổi tối hôm qua mọi thứ đều ổn định và vui vẻ,positive
Chuyến đi bình thường!!,neutral
Món hàng toi vui!,positive
Mình toi vui!!,positive
Buổi sáng nay mọi thứ đều đi sai hướng.,negative
Buổi sáng nay cuộc sống thật mệt mỏi!!,negative
Cả nhóm được thôi!!,neutral
Chuyến đi tuyệt vời!!,positive
Buổi sáng nay thời tiết hôm nay bình thường!!,neutral
Trải nghiệm này rất đáng mua!!,positive
Sản phẩm dịch vụ tận tình.,positive
Dịch vụ toi chi dang quan sat!,neutral
Tôi mình khuyên nên thử.,positive
Tôi đây là một cái bàn!,neutral
Cuộc gặp gỡ xuất sắc.,positive
Công việc mọi thứ đều ổn định và vui vẻ,positive
Cuộc gặp gỡ bình thường!!,neutral
Bản thân tôi mọi thứ đều ổn định và vui vẻ.,positive
Chuyến đi tôi chỉ đang quan sát.,neutral
Thời tiết đúng như mong đợi!,neutral
Bản thân tôi toi vui!!,positive
Dịch vụ tôi thấy bực mình!!,negative
Chuyến đi xuất sắc,positive
Giao dịch mình đang rất mệt mỏi.,negative
Sản phẩm đáng đồng tiền.,positive
Cuộc gặp gỡ toi khong cam thay gi nhieu!!,neutral
Cuộc gặp gỡ đúng như mong đợi!,neutral
Chuyến đi mình đang rất mệt mỏi,negative
Món hàng rất bực mình!!,negative
Buổi sáng nay chưa ấn tượng!,neutral
Hàng hóa tạm được!,neutral
Đơn hàng tôi có một chiếc xe máy,neutral
Cuộc gặp gỡ tạm ổn,neutral
Công việc chưa ấn tượng!!,neutral
Mình tôi không cảm thấy gì nhiều,neutral
Dịch vụ tôi yêu công việc này!!,positive
Hàng hóa tiền mất tật mang.,negative
Cuộc gặp gỡ mình cảm thấy hạnh phúc!!,positive
Mình tôi thấy bình thường,neutral
Hàng hóa tôi thấy rất tốt.,positive
Đơn hàng mọi thứ đều đi sai hướng!,negative
Cả nhóm that la mot ngay kinh khung!!,negative
Buổi tối hôm qua tạm hài lòng.,neutral
Công việc sản phẩm lỗi!!,negative
Hàng hóa đáng giá,positive
Tôi toi chi dang quan sat.,neutral
Món hàng rất đáng mua!!,positive
Tụi mình ổn!!,neutral
Cuộc sống tiền mất tật mang,negative
Đơn hàng mọi thứ đều ổn định và vui vẻ.,positive
Ngày hôm nay toi that vong,negative
Giao dịch mình thấy vô vọng!!,negative
Công việc tôi có một chiếc xe máy,neutral
Ngày hôm nay tôi thấy bực mình.,negative
Sản phẩm thời tiết hôm nay bình thường!!,neutral
Tôi không có gì đặc biệt!,neutral
Món hàng mình thấy vô vọng!,negative
Giao dịch hỏng!!,negative
Giao dịch toi met moi,negative
Công việc cũng được.,neutral
Cuộc sống tuyệt vời,positive
Sản phẩm tuyệt vời.,positive
Buổi sáng nay tôi thấy bình thường,neutral
Tụi mình toi khong cam thay gi nhieu!!,neutral
Trải nghiệm này xuất sắc,positive
Bản thân tôi không có gì đặc biệt!,neutral
Giao dịch toi ghet!!,negative
Công việc cuộc sống thật mệt mỏi!!,negative
Cả nhóm tôi thấy bực mình!!,negative
Dịch vụ mình thấy vô vọng,negative
Ngày hôm nay tôi rất buồn!!,negative
Hàng hóa toi phan no,negative
Tụi mình tôi yêu công việc này!,positive
Ngày hôm nay sản phẩm lỗi!,negative
Ngày hôm nay cuộc sống thật đẹp!!,positive
Cả nhóm dịch vụ tệ!!,negative
Buổi sáng nay ngon lành!,positive
Cả nhóm tôi có một chiếc xe máy!,neutral
Tụi mình toi chi dang quan sat.,neutral
Thời tiết tôi cực kỳ phấn khích!,positive
Mình tôi ghét công việc này!!,negative
Thời tiết ổn,neutral
Sản phẩm toi vui.,positive
Bản thân tôi mình đang rất mệt mỏi.,negative
Sản phẩm máy tính của tôi màu đen.,neutral
Tụi mình đáng giá!!,positive
Sản phẩm mọi thứ đều ổn định và vui vẻ!,positive
Chuyến đi đáng giá,positive
Buổi sáng nay toi hanh phucrất tốt,positive
Trải nghiệm này ngày hôm nay cũng như mọi ngày!,neutral
Chuyến đi đóng gói cẩu thả.,negative
Tôi giao hàng chậm!!,negative
Công việc ổn.,neutral
Ngày hôm nay tiền mất tật mang,negative
Thời tiết ổn!!,neutral
Cả nhóm ngon lành,positive
Cuộc sống ngon lành!,positive
Cuộc gặp gỡ cũng được,neutral
Chuyến đi toi buon!!,negative
Buổi sáng nay toi met moi,negative
Cuộc sống mình khuyên nên thử.,positive
Đơn hàng mọi thứ đều đi sai hướng,negative
Sản phẩm tạm hài lòng!,neutral
Hàng hóa rất thích!!,positive
Tôi vừa đủ dùng.,neutral
Buổi tối hôm qua tôi rất buồn.,negative
Món hàng cuộc sống thật đẹp!!,positive
Chuyến đi tạm ổn.,neutral
Tôi bình thường,neutral
Cả nhóm tôi cực kỳ phấn khích,positive
Bản thân tôi không có gì đặc biệt.,neutral
Chuyến đi hôm nay thật tuyệt!,positive
Giao dịch ngày hôm nay cũng như mọi ngày!,neutral
Mình tôi yêu công việc này,positive
Cả nhóm tôi thấy bình thường!!,neutral
Công việc tôi ghét công việc này!!,negative
Đơn hàng không tệ,neutral
Giao dịch rất kém.,negative
Ngày hôm nay máy tính của tôi màu đen!,neutral
Sản phẩm dịch vụ tận tình!,positive
Đơn hàng ngon lành!,positive
Hàng hóa mình đang rất mệt mỏi!!,negative
Cả nhóm cũng được,neutral
Công việc không đúng mô tả!,negative
Tụi mình đóng gói cẩu thả,negative
Giao dịch xuất sắc!,positive
Giao dịch tôi thấy rất tốt.,positive
Cuộc gặp gỡ toi met moi,negative
Sản phẩm mình đang rất hứng khởi,positive
Cuộc sống đẹp và bền.,positive
Hàng hóa được thôi!!,neutral
Trải nghiệm này đây là một cái bàn!!,neutral
Tụi mình thời tiết hôm nay bình thường,neutral
Thời tiết rất đáng mua,positive
Hàng hóa đây là một cái bàn!!,neutral
Buổi tối hôm qua máy tính của tôi màu đen,neutral
Sản phẩm tôi ghét công việc này!!,negative
Dịch vụ hài lòng.,positive
Trải nghiệm này được thôi,neutral
Sản phẩm cuộc sống thật mệt mỏi.,negative
Thời tiết hôm nay thật tuyệt!!,positive
Buổi tối hôm qua tôi cực kỳ phấn khích.,positive
Chuyến đi sản phẩm lỗi!,negative
Tôi tôi cực kỳ phấn khích!!,positive
Dịch vụ ổn,neutral
Bản thân tôi tôi yêu công việc này!,positive
Buổi sáng nay cuộc sống thật khó khăn!!,negative
Cả nhóm giao hàng chậm,negative
Công việc toi met moi!!,negative
Buổi sáng nay tôi yêu công việc này!,positive
Cả nhóm tôi đang nghe nhạc!,neutral
Dịch vụ không hài lòng!,negative
Sản phẩm mình thấy vô vọng.,negative
Trải nghiệm này đúng như mong đợi!,neutral
Tôi toi khong cam thay gi nhieu!,neutral
Cả nhóm rất đáng mua.,positive
Thời tiết tôi không cảm thấy gì nhiều,neutral
Trải nghiệm này vượt mong đợi!!,positive
Công việc sản phẩm lỗi,negative
Cả nhóm cũng được,neutral
Buổi tối hôm qua không vui cũng không buồn,neutral
Bản thân tôi giao hàng chậm!,negative
Món hàng hoàn toàn thất vọng.,negative
Tụi mình tôi yêu công việc này,positive
Thời tiết hài lòng!,positive
Buổi sáng nay đáng đồng tiền!!,positive
Mình tôi thấy bình thường.,neutral
Buổi tối hôm qua toi hanh phucrất tốt.,positive
Công việc đẹp và bền.,positive
Cuộc gặp gỡ không vui cũng không buồn!,neutral
Món hàng hài lòng.,positive
Cuộc sống không đúng mô tả!!,negative
Cuộc gặp gỡ rất thích!!,positive
Cuộc sống toi hanh phucrất tốt!,positive
Giao dịch tạm được,neutral
Hàng hóa bình thường,neutral
Cả nhóm dịch vụ tệ!,negative
Buổi sáng nay không có gì đặc biệt!,neutral
Tụi mình đáng giá!!,positive
Cả nhóm dịch vụ tận tình,positive
Cả nhóm đóng gói cẩu thả.,negative
Thời tiết máy tính của tôi màu đen.,neutral
Hàng hóa không vui cũng không buồn!,neutral
Bản thân tôi tôi yêu công việc này!,positive
Tụi mình không đúng mô tả,negative
Cuộc sống tôi thấy rất tốt,positive
Tôi đẹp và bền!!,positive
Trải nghiệm này cuộc sống thật mệt mỏi,negative
Tụi mình đáng đồng tiền!,positive
Bản thân tôi tôi cực kỳ phấn khích,positive
Món hàng mình cảm thấy hạnh phúc.,positive
Buổi tối hôm qua đóng gói cẩu thả,negative
Bản thân tôi tôi không muốn nói chuyện nữa.,negative
Cuộc gặp gỡ mình cảm thấy hạnh phúc!,positive
Trải nghiệm này toi binh thuong.,neutral
Buổi tối hôm qua không vui cũng không buồn!,neutral
Cuộc sống ngày hôm nay cũng như mọi ngày!!,neutral
Đơn hàng vượt mong đợi,positive
Công việc dịch vụ tận tình!,positive
Món hàng tôi không muốn nói chuyện nữa!,negative
Công việc rất kém!,negative
Cuộc sống mình khuyên nên thử!,positive
Cuộc sống xuất sắc.,positive
Công việc mình thấy vô vọng!,negative
Hàng hóa tạm được!,neutral
Tôi máy tính của tôi màu đen!!,neutral
Hàng hóa tạm hài lòng!,neutral
Tôi that la mot ngay kinh khung!!,negative
Dịch vụ tôi cực kỳ phấn khích!,positive
Món hàng hài lòng!,positive
Thời tiết đẹp và bền!!,positive
Bản thân tôi đóng gói cẩu thả,negative
Hàng hóa vừa đủ dùng!,neutral
Cuộc gặp gỡ xuất sắc!,positive
Giao dịch hỏng,negative
Món hàng tạm được!!,neutral
Món hàng toi binh thuong!,neutral
Cả nhóm mình cảm thấy thất vọng.,negative
Công việc mình đang rất mệt mỏi!,negative
Trải nghiệm này tôi có một chiếc xe máy!,neutral
Thời tiết dịch vụ tệ,negative
Giao dịch rất bực mình!,negative
Công việc không tệ.,neutral
Giao dịch mọi thứ đều ổn định và vui vẻ.,positive
Buổi tối hôm qua hôm nay thật tuyệt!!,positive
Hàng hóa toi vui.,positive
Trải nghiệm này tiền mất tật mang!!,negative
Tụi mình tôi rất buồn,negative
Mình mọi thứ đều đi sai hướng,negative
Trải nghiệm này thất vọng!!,negative
Mình trung bình!!,neutral
Hàng hóa không vui cũng không buồn,neutral
Chuyến đi mình đang rất mệt mỏi!!,negative
Cả nhóm rất kém!!,negative
Mình chấp nhận được,neutral
Chuyến đi tôi cực kỳ phấn khích!,positive
Sản phẩm hôm nay thật tuyệt.,positive
Tôi toi thich!,positive
Mình mình đang rất mệt mỏi!!,negative
Sản phẩm vừa đủ dùng!,neutral
Chuyến đi mọi thứ đều ổn định và vui vẻ,positive
Ngày hôm nay không tệ,neutral
Buổi sáng nay đóng gói cẩu thả!,negative
Tụi mình hài lòng!!,positive
Cuộc gặp gỡ chấp nhận được!,neutral
Chuyến đi toi binh thuong,neutral
Ngày hôm nay không hài lòng!,negative
Trải nghiệm này tiền mất tật mang!!,negative
Chuyến đi tôi rất buồn!,negative
Tôi toi hanh phucrất tốt.,positive
Thời tiết rất thích!,positive
Mình dịch vụ tệ.,negative
Đơn hàng toi phan no!!,negative
Bản thân tôi rất kém!,negative
Giao dịch đẹp và bền!!,positive
Trải nghiệm này thật là một ngày ý nghĩa,positive
Tôi giao hàng chậm.,negative
Mình đúng như mong đợi!,neutral
Cuộc gặp gỡ tôi thấy bực mình.,negative
Thời tiết phải trả lại.,negative
Giao dịch đúng như mong đợi!!,neutral
Cuộc gặp gỡ dịch vụ tệ,negative
Chuyến đi thật là một ngày ý nghĩa.,positive
Tôi khá ổn!!,neutral
Đơn hàng tôi không cảm thấy gì nhiều!,neutral
Chuyến đi cũng được!,neutral
Mình xuất sắc!,positive
Thời tiết cực kỳ ổn,positive
Tụi mình không đúng mô tả.,negative
Tụi mình sẽ ủng hộ lần sau.,positive
Món hàng không tệ!,neutral
Buổi sáng nay vừa đủ dùng!,neutral
Hàng hóa đóng gói cẩu thả!,negative
Buổi tối hôm qua bình thường!,neutral
Buổi sáng nay đáng đồng tiền!,positive
Buổi tối hôm qua dịch vụ tệ,negative
Công việc khá ổn,neutral
Buổi tối hôm qua không đúng mô tả.,negative
Ngày hôm nay tôi thấy bình thường!,neutral
Chuyến đi trung bình.,neutral
Món hàng toi khong cam thay gi nhieu!,neutral
Giao dịch tôi không cảm thấy gì nhiều.,neutral
Món hàng toi that vong,negative
Món hàng tạm hài lòng!!,neutral
Món hàng dịch vụ tận tình!!,positive
Chuyến đi tiền mất tật mang.,negative
Cuộc gặp gỡ tôi yêu công việc này.,positive
Sản phẩm tôi cực kỳ phấn khích!!,positive
Mình toi met moi,negative
Ngày hôm nay hỏng!,negative
Bản thân tôi hôm nay thật tuyệt!!,positive
Cuộc gặp gỡ tôi đang ở nhà.,neutral
Sản phẩm mình đang rất hứng khởi,positive
Ngày hôm nay hài lòng!!,positive
Tụi mình không tệ.,neutral
Món hàng ngày hôm nay cũng như mọi ngày!!,neutral
Công việc không hài lòng,negative
Công việc cuộc sống thật đẹp!,positive
Dịch vụ toi buon!!,negative
Thời tiết toi vui!!,positive
Trải nghiệm này không có gì đặc biệt!!,neutral
Giao dịch that la mot ngay kinh khung.,negative
Tôi mình đang rất hứng khởi,positive
Cuộc gặp gỡ mình đang rất mệt mỏi!,negative
Thời tiết cuộc sống thật khó khăn!,negative
Đơn hàng ngon lành,positive
Trải nghiệm này tôi thấy bực mình!,negative
Hàng hóa đóng gói cẩu thả!!,negative
Cuộc sống cuộc sống thật mệt mỏi!,negative
Hàng hóa toi buon,negative
Ngày hôm nay hoàn toàn thất vọng!,negative
Ngày hôm nay toi met moi,negative
Mình ngon lành!,positive
Chuyến đi tôi có một chiếc xe máy!!,neutral
Cuộc gặp gỡ đáng đồng tiền!!,positive
Tôi sẽ ủng hộ lần sau.,positive
Chuyến đi tôi đang nghe nhạc!,neutral
Công việc rất bực mình!!,negative
Tôi không đúng mô tả.,negative
Dịch vụ tôi đang nghe nhạc!,neutral
Thời tiết mình cảm thấy hạnh phúc!,positive
Cuộc gặp gỡ tôi chỉ đang quan sát!,neutral
Hàng hóa hài lòng.,positive
Hàng hóa thật là một ngày ý nghĩa,positive
Giao dịch dịch vụ tệ!,negative
Mình hoàn toàn thất vọng!!,negative
Đơn hàng tôi không muốn nói chuyện nữa!,negative
Giao dịch toi that vong!,negative
Chuyến đi không có gì đặc biệt.,neutral
Thời tiết mình cảm thấy thất vọng!!,negative
Đơn hàng tôi thấy rất tốt,positive
Công việc mình đang rất hứng khởi,positive
Bản thân tôi cực kỳ ổn!!,positive
Tụi mình that la mot ngay kinh khung,negative
Sản phẩm toi khong cam thay gi nhieu,neutral
Mình toi binh thuong,neutral
Công việc tiền mất tật mang!,negative
Bản thân tôi không hài lòng!,negative
Ngày hôm nay mình đang rất hứng khởi!,positive
Cuộc sống mình thấy vô vọng.,negative
Dịch vụ tôi chán nản!,negative
Giao dịch mình đang rất hứng khởi,positive
Chuyến đi toi ghet,negative
Buổi tối hôm qua tạm hài lòng!,neutral
Trải nghiệm này đóng gói cẩu thả.,negative
Buổi tối hôm qua chấp nhận được!,neutral
Món hàng phải trả lại,negative
Chuyến đi đẹp và bền,positive
Cả nhóm toi chi dang quan sat,neutral
Buổi sáng nay tôi không muốn nói chuyện nữa!,negative
Công việc đúng như mong đợi!,neutral
Tôi khá ổn.,neutral
Cuộc sống cuộc sống thật mệt mỏi,negative
Tụi mình tạm hài lòng,neutral
Dịch vụ mọi thứ đều ổn định và vui vẻ!!,positive
Tôi tôi chán nản!,negative
Cả nhóm tạm ổn!!,neutral
Công việc mình khuyên nên thử!!,positive
Sản phẩm tôi chán nản!,negative
Đơn hàng tuyệt vời.,positive
Dịch vụ ngày hôm nay cũng như mọi ngày!!,neutral
Thời tiết toi hanh phucrất tốt!!,positive
Buổi tối hôm qua tạm được.,neutral
Buổi tối hôm qua tạm ổn!,neutral
Tôi tôi đang ở nhà,neutral
Ngày hôm nay ngon lành!,positive
Tôi hỏng,negative
Trải nghiệm này khá ổn,neutral
Buổi sáng nay tôi có một chiếc xe máy!!,neutral
Buổi tối hôm qua cuộc sống thật mệt mỏi!!,negative
Cuộc gặp gỡ trung bình.,neutral
Chuyến đi không có gì đặc biệt.,neutral
Bản thân tôi rất kém,negative
Món hàng rất kém,negative
Chuyến đi ổn!!,neutral
Bản thân tôi không vui cũng không buồn,neutral
Cuộc sống tôi thấy bình thường,neutral
Tụi mình tôi ghét công việc này!,negative
Tụi mình giao hàng chậm!,negative
Buổi sáng nay tôi chỉ đang quan sát.,neutral
Tôi tôi yêu công việc này.,positive
Cuộc sống tôi có một chiếc xe máy,neutral
Cuộc gặp gỡ mình đang rất mệt mỏi.,negative
Thời tiết mình cảm thấy hạnh phúc!!,positive
Thời tiết mình thấy vô vọng!,negative
Buổi tối hôm qua tôi đang ở nhà!!,neutral
Bản thân tôi mình cảm thấy thất vọng.,negative
Bản thân tôi tôi rất vui,positive
Mình tôi cực kỳ phấn khích!!,positive
Cuộc sống tôi có một chiếc xe máy!,neutral
Giao dịch ngày hôm nay cũng như mọi ngày!,neutral
Bản thân tôi không đáng mua,negative
Dịch vụ hoàn toàn thất vọng,negative
Cuộc gặp gỡ thời tiết hôm nay bình thường.,neutral
Chuyến đi tôi thấy rất tốt.,positive
Cuộc gặp gỡ vượt mong đợi!,positive
Thời tiết cũng được!,neutral
Dịch vụ khá ổn.,neutral
Cuộc gặp gỡ toi hanh phucrất tốt!,positive
Buổi tối hôm qua đúng như mong đợi.,neutral
Buổi sáng nay tôi giận dữ.,negative
Thời tiết khá ổn!,neutral
Cả nhóm tiền mất tật mang!,negative
Cả nhóm đẹp và bền.,positive
Món hàng không có gì đặc biệt.,neutral
Tôi ổn,neutral
Dịch vụ chưa ấn tượng!!,neutral
Công việc sản phẩm lỗi,negative
Dịch vụ đáng giá.,positive
Mình toi met moi,negative
Mình rất kém!,negative
Buổi sáng nay cũng được!!,neutral
Mình tiền mất tật mang.,negative
Trải nghiệm này toi ghet,negative
Cả nhóm tôi đang nghe nhạc.,neutral
Món hàng tôi ghét công việc này!!,negative
Trải nghiệm này mình khuyên nên thử.,positive
Buổi sáng nay đây là một cái bàn!,neutral
Đơn hàng không đúng mô tả,negative
Thời tiết phải trả lại!!,negative
Thời tiết toi vui,positive
Chuyến đi sản phẩm lỗi,negative
Bản thân tôi tôi có một chiếc xe máy!,neutral
Sản phẩm hôm nay thật tuyệt,positive
Bản thân tôi tôi ghét công việc này,negative
Tôi rất bực mình!!,negative
Cả nhóm cuộc sống thật mệt mỏi.,negative
Hàng hóa toi met moi!!,negative
Hàng hóa toi vui.,positive
Hàng hóa tôi ghét công việc này.,negative
Bản thân tôi hôm nay thật tuyệt,positive
Buổi tối hôm qua mình cảm thấy hạnh phúc!,positive
Bản thân tôi rất kém,negative
Cả nhóm hài lòng,positive
Sản phẩm mình khuyên nên thử,positive
Đơn hàng toi met moi,negative
Món hàng tạm ổn!,neutral
Chuyến đi khá ổn,neutral
Giao dịch giao hàng chậm!,negative
Trải nghiệm này that la mot ngay kinh khung!,negative
Thời tiết tôi rất vui.,positive
Ngày hôm nay dịch vụ tận tình!,positive
Dịch vụ tôi đang ở nhà!!,neutral
Cuộc gặp gỡ mình cảm thấy thất vọng.,negative
Hàng hóa toi binh thuong!,neutral
Thời tiết tạm được,neutral
Công việc mình cảm thấy hạnh phúc.,positive
Cuộc sống mọi thứ đều đi sai hướng!,negative
Buổi tối hôm qua tôi không cảm thấy gì nhiều!,neutral
Tụi mình mình đang rất mệt mỏi,negative
Đơn hàng bình thường.,neutral
Cuộc gặp gỡ tôi không muốn nói chuyện nữa.,negative
Cuộc gặp gỡ chấp nhận được!!,neutral
Dịch vụ cực kỳ ổn!,positive
Món hàng rất đáng mua!!,positive
Buổi tối hôm qua toi chi dang quan sat.,neutral
Trải nghiệm này giao hàng chậm.,negative
Thời tiết tôi yêu công việc này,positive
Cả nhóm tôi rất buồn,negative
Cuộc sống thời tiết hôm nay bình thường.,neutral
Bản thân tôi toi vui!!,positive
Dịch vụ vượt mong đợi,positive
Thời tiết đúng như mong đợi!,neutral
Tụi mình toi thich!,positive
Cuộc gặp gỡ hỏng!,negative
Ngày hôm nay bình thường.,neutral
Chuyến đi toi phan no!,negative
Giao dịch bình thường!!,neutral
Buổi tối hôm qua tôi giận dữ!,negative
Buổi tối hôm qua sẽ ủng hộ lần sau.,positive
Buổi tối hôm qua máy tính của tôi màu đen,neutral
Tụi mình không tệ.,neutral
Hàng hóa toi khong cam thay gi nhieu.,neutral
Buổi sáng nay thật là một ngày ý nghĩa,positive
Tụi mình toi buon.,negative
Mình toi hanh phucrất tốt.,positive
Chuyến đi tôi rất buồn!!,negative
Mình toi met moi!!,negative
Trải nghiệm này toi hanh phucrất tốt!,positive
Thời tiết tôi không cảm thấy gì nhiều,neutral
Buổi sáng nay tôi đang ở nhà!!,neutral
Món hàng tôi cực kỳ phấn khích.,positive
Tụi mình chưa ấn tượng,neutral
Sản phẩm tôi chỉ đang quan sát!,neutral
Dịch vụ tôi thấy bực mình!,negative
Cuộc gặp gỡ ngày hôm nay cũng như mọi ngày!,neutral
Giao dịch mình đang rất mệt mỏi!,negative
Món hàng that la mot ngay kinh khung!,negative
Thời tiết tôi rất vui!,positive
Dịch vụ mình cảm thấy thất vọng!,negative
Tôi tôi yêu công việc này,positive
Cuộc gặp gỡ toi ghet!!,negative
Công việc đáng đồng tiền,positive
Bản thân tôi mọi thứ đều ổn định và vui vẻ!!,positive
Trải nghiệm này cuộc sống thật đẹp!!,positive
Cuộc sống sản phẩm lỗi.,negative
Chuyến đi bình thường,neutral
Giao dịch tôi chán nản,negative
Ngày hôm nay mình đang rất mệt mỏi!,negative
Thời tiết trung bình!,neutral
Tôi đáng giá!,positive
Thời tiết bình thường.,neutral
Hàng hóa tôi giận dữ.,negative
Tụi mình toi met moi.,negative
Ngày hôm nay tôi thấy rất tốt!!,positive
Cuộc sống toi buon,negative
Cả nhóm rất tệ!,negative
Tụi mình that la mot ngay kinh khung.,negative
Dịch vụ thời tiết hôm nay bình thường!!,neutral
Chuyến đi không vui cũng không buồn.,neutral
Buổi sáng nay tạm được,neutral
Tụi mình toi met moi!,negative
Hàng hóa rất thích.,positive
Bản thân tôi dịch vụ tệ!,negative
Giao dịch tạm được!,neutral
Tôi tôi yêu công việc này!,positive
Tôi toi chi dang quan sat,neutral
Giao dịch toi hanh phucrất tốt!,positive
Ngày hôm nay cuộc sống thật đẹp,positive
Trải nghiệm này không vui cũng không buồn!,neutral
Hàng hóa không vui cũng không buồn!,neutral
Ngày hôm nay đáng giá!,positive
Hàng hóa ngon lành!,positive
Công việc hôm nay thật tuyệt.,positive
Hàng hóa cực kỳ ổn,positive
Buổi tối hôm qua không vui cũng không buồn!!,neutral
Sản phẩm tiền mất tật mang,negative
Buổi tối hôm qua tạm hài lòng!!,neutral
Buổi tối hôm qua mình thấy vô vọng.,negative
Đơn hàng tôi thấy bực mình,negative
Trải nghiệm này được thôi!!,neutral
Buổi sáng nay tôi không cảm thấy gì nhiều!!,neutral
Hàng hóa toi hanh phucrất tốt,positive
Ngày hôm nay được thôi!,neutral
Công việc mình cảm thấy hạnh phúc.,positive
Công việc tôi có một chiếc xe máy!,neutral
Cuộc gặp gỡ mình cảm thấy hạnh phúc.,positive
Cuộc gặp gỡ tuyệt vời!,positive
Cuộc gặp gỡ không có gì đặc biệt.,neutral
Món hàng vượt mong đợi!!,positive
Sản phẩm hoàn toàn thất vọng,negative
Bản thân tôi tôi chỉ đang quan sát,neutral
Cả nhóm toi khong cam thay gi nhieu!,neutral
Trải nghiệm này không vui cũng không buồn!,neutral
Chuyến đi ngày hôm nay cũng như mọi ngày!!,neutral
Bản thân tôi tôi chỉ đang quan sát,neutral
Công việc trung bình!,neutral
Dịch vụ tạm hài lòng!,neutral
Trải nghiệm này vừa đủ dùng.,neutral
Cuộc gặp gỡ đáng đồng tiền!,positive
Sản phẩm thời tiết hôm nay bình thường!!,neutral
Buổi tối hôm qua tôi có một chiếc xe máy.,neutral
Chuyến đi đẹp và bền.,positive
Món hàng mình cảm thấy thất vọng!!,negative
Ngày hôm nay ổn!,neutral
Buổi sáng nay tôi có một chiếc xe máy!,neutral
Chuyến đi rất đáng mua,positive
Cuộc sống mình cảm thấy hạnh phúc!,positive
Cuộc gặp gỡ đáng giá.,positive
Ngày hôm nay không đúng mô tả.,negative
Sản phẩm tôi không muốn nói chuyện nữa,negative
Hàng hóa tạm ổn!,neutral
Món hàng that la mot ngay kinh khung!,negative
Đơn hàng cuộc sống thật đẹp!,positive
Cuộc gặp gỡ tuyệt vời,positive
Thời tiết mình đang rất hứng khởi,positive
Thời tiết toi phan no.,negative
Cuộc sống toi met moi!!,negative
Cả nhóm vừa đủ dùng!,neutral
Đơn hàng ổn!!,neutral
Cả nhóm mình đang rất hứng khởi!!,positive
Buổi sáng nay dịch vụ tận tình!,positive
Mình hỏng,negative
Trải nghiệm này rất thích.,positive
Công việc được thôi!!,neutral
Bản thân tôi chấp nhận được!,neutral
Buổi sáng nay cũng được,neutral
Buổi sáng nay sản phẩm lỗi.,negative
Dịch vụ mình cảm thấy thất vọng.,negative
Thời tiết toi vui!,positive
Đơn hàng toi binh thuong,neutral
Cuộc gặp gỡ toi met moi!,negative
Cuộc sống chưa ấn tượng.,neutral
Trải nghiệm này đây là một cái bàn,neutral
Ngày hôm nay dịch vụ tệ,negative
Cuộc sống rất thích!,positive
Sản phẩm toi vui!!,positive
Buổi tối hôm qua tôi ghét công việc này!!,negative
Thời tiết tôi rất buồn.,negative
Tụi mình hôm nay thật tệ!!,negative
Công việc cuộc sống thật khó khăn.,negative
Tôi tôi rất vui,positive
Cuộc sống được thôi!!,neutral
Cả nhóm chấp nhận được,neutral
Đơn hàng tạm hài lòng!,neutral
Tụi mình tôi rất vui.,positive
Món hàng đóng gói cẩu thả!,negative
Buổi sáng nay toi ghet.,negative
Đơn hàng toi phan no!!,negative
Sản phẩm hôm nay thật tuyệt!,positive
Hàng hóa đáng giá,positive
Ngày hôm nay máy tính của tôi màu đen,neutral
Tụi mình tuyệt vời.,positive
Cuộc sống cũng được,neutral
Trải nghiệm này vừa đủ dùng.,neutral
Sản phẩm tôi thấy bình thường!!,neutral
Giao dịch thất vọng.,negative
Hàng hóa cuộc sống thật đẹp!,positive
Bản thân tôi ngon lành.,positive
Hàng hóa tôi yêu công việc này!!,positive
Trải nghiệm này mọi thứ đều ổn định và vui vẻ!,positive
Ngày hôm nay cực kỳ ổn!,positive
Giao dịch đây là một cái bàn!!,neutral
Buổi tối hôm qua đáng đồng tiền!,positive
Sản phẩm rất thích!,positive
Buổi tối hôm qua tôi thấy bình thường.,neutral
Cuộc gặp gỡ toi chi dang quan sat!,neutral
Bản thân tôi toi khong cam thay gi nhieu,neutral
Ngày hôm nay đẹp và bền,positive
Trải nghiệm này ngày hôm nay cũng như mọi ngày!,neutral
Giao dịch dịch vụ tận tình.,positive
Tôi tôi chán nản!,negative
Ngày hôm nay tuyệt vời!,positive
Giao dịch tôi thấy rất tốt!!,positive
Giao dịch tạm ổn.,neutral
Thời tiết tôi thấy bực mình!,negative
Hàng hóa cũng được!!,neutral
Hàng hóa toi vui!,positive
Sản phẩm hôm nay thật tệ!,negative
Hàng hóa hỏng!,negative
Thời tiết ổn,neutral
Hàng hóa đúng như mong đợi,neutral
Công việc rất tệ!,negative
Buổi tối hôm qua rất thích!,positive
Cuộc sống thật là một ngày ý nghĩa!!,positive
Cuộc sống hài lòng!,positive
Cuộc sống xuất sắc,positive
Cả nhóm tôi thấy bình thường!,neutral
Công việc phải trả lại.,negative
Công việc mình cảm thấy hạnh phúc,positive
Cuộc sống tạm hài lòng!,neutral
Cả nhóm hôm nay thật tuyệt,positive
Dịch vụ sẽ ủng hộ lần sau,positive
Cuộc sống tạm hài lòng,neutral
Món hàng mình cảm thấy thất vọng.,negative
Cuộc sống đáng đồng tiền.,positive
Công việc thời tiết hôm nay bình thường.,neutral
Món hàng tôi chán nản!!,negative
Cả nhóm cuộc sống thật đẹp,positive
Buổi sáng nay dịch vụ tận tình.,positive
Hàng hóa vượt mong đợi!!,positive
Cuộc gặp gỡ tôi có một chiếc xe máy!!,neutral
Cả nhóm mình cảm thấy thất vọng,negative
Thời tiết tôi yêu công việc này!!,positive
Bản thân tôi sẽ ủng hộ lần sau.,positive
Buổi tối hôm qua tôi thấy bực mình!,negative
Tụi mình đẹp và bền!!,positive
Cuộc sống tạm hài lòng!!,neutral
Ngày hôm nay cũng được,neutral
Sản phẩm tôi rất buồn!!,negative
Bản thân tôi hài lòng!,positive
Mình mình cảm thấy thất vọng!,negative
Cuộc gặp gỡ toi met moi!,negative
Buổi sáng nay sản phẩm lỗi,negative
Cả nhóm không có gì đặc biệt.,neutral
Sản phẩm toi khong cam thay gi nhieu,neutral
Cuộc gặp gỡ trung bình!,neutral
Giao dịch đẹp và bền,positive
Tụi mình tôi đang nghe nhạc.,neutral
Tụi mình xuất sắc.,positive
Bản thân tôi tôi đang ở nhà!,neutral
Dịch vụ tạm được,neutral
Ngày hôm nay tôi chán nản!!,negative
Bản thân tôi rất đáng mua.,positive
Công việc mình đang rất hứng khởi!,positive
Dịch vụ tôi đang nghe nhạc,neutral
Dịch vụ mình đang rất hứng khởi!!,positive
Dịch vụ hoàn toàn thất vọng!,negative
Thời tiết hôm nay thật tệ,negative
Hàng hóa đẹp và bền.,positive
Chuyến đi mình thấy vô vọng.,negative
Mình tôi cực kỳ phấn khích!!,positive
Món hàng hài lòng!,positive
Tôi tạm được.,neutral
Sản phẩm không đáng mua!,negative
Cuộc sống vượt mong đợi!!,positive
Thời tiết toi binh thuong!,neutral
Ngày hôm nay tạm hài lòng,neutral
Cả nhóm mình đang rất hứng khởi!,positive
Đơn hàng thời tiết hôm nay bình thường,neutral
Chuyến đi vừa đủ dùng,neutral
Buổi tối hôm qua trung bình,neutral
Buổi sáng nay mọi thứ đều ổn định và vui vẻ.,positive
Tụi mình mình thấy vô vọng.,negative
Cuộc sống không hài lòng,negative
Món hàng phải trả lại.,negative
Chuyến đi chưa ấn tượng.,neutral
Chuyến đi mình đang rất hứng khởi,positive
Buổi tối hôm qua chưa ấn tượng!,neutral
Buổi tối hôm qua tôi ghét công việc này!,negative
Cuộc gặp gỡ tôi rất vui!!,positive
Buổi sáng nay tạm được!!,neutral
Tôi chấp nhận được!,neutral
Công việc tôi rất buồn!!,negative
Dịch vụ toi ghet,negative
Dịch vụ mọi thứ đều ổn định và vui vẻ,positive
Giao dịch chưa ấn tượng!!,neutral
Cuộc gặp gỡ bình thường!!,neutral
Cuộc gặp gỡ mình cảm thấy thất vọng,negative
Công việc xuất sắc!,positive
Dịch vụ hôm nay thật tệ.,negative
Bản thân tôi tạm được,neutral
Trải nghiệm này toi chi dang quan sat.,neutral
Cuộc gặp gỡ that la mot ngay kinh khung!!,negative
Buổi sáng nay máy tính của tôi màu đen,neutral
Ngày hôm nay đây là một cái bàn,neutral
Giao dịch toi khong cam thay gi nhieu,neutral
Giao dịch cuộc sống thật mệt mỏi!!,negative
Trải nghiệm này that la mot ngay kinh khung.,negative
Ngày hôm nay toi met moi,negative
Cuộc gặp gỡ phải trả lại.,negative
Thời tiết mọi thứ đều đi sai hướng!,negative
Sản phẩm được thôi.,neutral
Đơn hàng cuộc sống thật đẹp.,positive
Đơn hàng tiền mất tật mang.,negative
Hàng hóa toi khong cam thay gi nhieu!!,neutral
Tôi mình đang rất mệt mỏi!!,negative
Tôi đúng như mong đợi!,neutral
Giao dịch tuyệt vời,positive
Giao dịch toi met moi!!,negative
Tôi tôi đang nghe nhạc!,neutral
Tôi toi that vong!,negative
Tôi mọi thứ đều ổn định và vui vẻ!,positive
Chuyến đi đẹp và bền.,positive
Công việc cuộc sống thật khó khăn!!,negative
Cuộc sống toi chi dang quan sat.,neutral
Ngày hôm nay mình cảm thấy hạnh phúc,positive
Buổi tối hôm qua rất thích.,positive
Buổi tối hôm qua bình thường!!,neutral
Buổi tối hôm qua tôi đang nghe nhạc!,neutral
Bản thân tôi toi vui.,positive
Trải nghiệm này tôi yêu công việc này!!,positive
Buổi tối hôm qua mình khuyên nên thử!,positive
Đơn hàng được thôi.,neutral
Bản thân tôi sản phẩm lỗi,negative
Hàng hóa rất kém.,negative
Cuộc gặp gỡ ngon lành!!,positive
Tôi chấp nhận được,neutral
Cả nhóm trung bình.,neutral
Đơn hàng xuất sắc!!,positive
Giao dịch toi binh thuong,neutral
Món hàng cuộc sống thật đẹp,positive
Món hàng toi chi dang quan sat.,neutral
Đơn hàng rất đáng mua!,positive
Công việc toi that vong.,negative
Cả nhóm không có gì đặc biệt,neutral
Buổi tối hôm qua hôm nay thật tệ!!,negative
Công việc tôi rất vui.,positive
Món hàng tôi không muốn nói chuyện nữa,negative
Mình được thôi,neutral
Hàng hóa phải trả lại.,negative
Giao dịch mình đang rất hứng khởi,positive
Chuyến đi bình thường!!,neutral
Cuộc gặp gỡ thật là một ngày ý nghĩa!,positive
Sản phẩm toi vui!!,positive
Buổi sáng nay không đúng mô tả!,negative
Món hàng hoàn toàn thất vọng!!,negative
Thời tiết không đúng mô tả!,negative
Bản thân tôi không đúng mô tả,negative
Đơn hàng ngon lành,positive
Hàng hóa toi chi dang quan sat!!,neutral
Tôi tôi giận dữ,negative
Tôi tôi thấy bực mình!,negative
Cuộc sống bình thường!!,neutral
Cuộc sống mọi thứ đều ổn định và vui vẻ!,positive
Cả nhóm tôi rất buồn!!,negative
Trải nghiệm này hôm nay thật tệ.,negative
Buổi sáng nay toi hanh phucrất tốt!,positive
Công việc tôi giận dữ!,negative
Chuyến đi hôm nay thật tệ.,negative
Món hàng tạm ổn!!,neutral
Mình đáng đồng tiền,positive
Dịch vụ tạm hài lòng.,neutral
Chuyến đi bình thường!!,neutral
Sản phẩm đúng như mong đợi!!,neutral
Cuộc sống mình đang rất hứng khởi!!,positive
Giao dịch toi buon,negative
Món hàng tôi thấy bình thường,neutral
Công việc không hài lòng,negative
Món hàng tôi đang ở nhà!,neutral
Đơn hàng tôi yêu công việc này.,positive
Hàng hóa tuyệt vời!!,positive
Ngày hôm nay tôi đang nghe nhạc!!,neutral
Công việc cuộc sống thật đẹp!!,positive
Chuyến đi trung bình!,neutral
Dịch vụ phải trả lại,negative
Dịch vụ mọi thứ đều ổn định và vui vẻ,positive
Cuộc sống được thôi.,neutral
Buổi tối hôm qua tôi không cảm thấy gì nhiều!!,neutral
Hàng hóa hoàn toàn thất vọng!,negative
Tôi tôi yêu công việc này!!,positive
Công việc rất tệ.,negative
Trải nghiệm này toi hanh phucrất tốt.,positive
Cả nhóm mình thấy vô vọng!,negative
Ngày hôm nay tôi không cảm thấy gì nhiều.,neutral
Mình mình thấy vô vọng,negative
Công việc cuộc sống thật đẹp!,positive
Thời tiết tạm hài lòng!,neutral
Trải nghiệm này toi binh thuong!,neutral
Cả nhóm tôi không cảm thấy gì nhiều!,neutral
Bản thân tôi tôi không muốn nói chuyện nữa!,negative
Dịch vụ đóng gói cẩu thả!!,negative
Chuyến đi sẽ ủng hộ lần sau,positive
Thời tiết đáng đồng tiền!,positive
Mình rất kém!,negative
Buổi tối hôm qua rất kém!!,negative
Cả nhóm rất kém!!,negative
Bản thân tôi cực kỳ ổn,positive
Sản phẩm tôi yêu công việc này!,positive
Cuộc sống mọi thứ đều đi sai hướng!,negative
Tôi không tệ.,neutral
Cuộc gặp gỡ hôm nay thật tệ!!,negative
Dịch vụ chưa ấn tượng!!,neutral
Hàng hóa máy tính của tôi màu đen.,neutral
Ngày hôm nay không đáng mua,negative
Thời tiết tôi rất vui,positive
Bản thân tôi phải trả lại!!,negative
Hàng hóa mình đang rất hứng khởi,positive
Món hàng hôm nay thật tệ!!,negative
Buổi tối hôm qua mình thấy vô vọng.,negative
Thời tiết rất đáng mua.,positive
Cuộc gặp gỡ sẽ ủng hộ lần sau!!,positive
Dịch vụ không tệ.,neutral
Thời tiết tôi rất buồn!,negative
Tôi bình thường!!,neutral
Tôi mình đang rất hứng khởi,positive
Trải nghiệm này không đúng mô tả!,negative
Ngày hôm nay cuộc sống thật đẹp!!,positive
Giao dịch mình đang rất hứng khởi!,positive
Món hàng vượt mong đợi!,positive
Cuộc gặp gỡ đẹp và bền.,positive
Mình mình thấy vô vọng!!,negative
Món hàng tạm hài lòng!,neutral
Ngày hôm nay đóng gói cẩu thả,negative
Chuyến đi rất tệ!,negative
Sản phẩm không đáng mua!!,negative
Buổi tối hôm qua cũng được!!,neutral
Mình mình cảm thấy thất vọng!,negative
Cuộc sống toi thich,positive
Dịch vụ tôi thấy bực mình,negative
Món hàng toi thich!!,positive
Tôi tôi rất buồn,negative
Dịch vụ sẽ ủng hộ lần sau,positive
Tụi mình trung bình!!,neutral
Sản phẩm mình khuyên nên thử!!,positive
Cuộc gặp gỡ đẹp và bền,positive
Buổi tối hôm qua vượt mong đợi.,positive
Tụi mình tôi yêu công việc này.,positive
Cả nhóm chưa ấn tượng!,neutral
Chuyến đi máy tính của tôi màu đen!!,neutral
Hàng hóa tôi cực kỳ phấn khích!!,positive
Cuộc sống đáng đồng tiền!!,positive
Bản thân tôi không đúng mô tả!,negative
Giao dịch rất đáng mua,positive
Tụi mình mọi thứ đều đi sai hướng.,negative
Cả nhóm tôi thấy bực mình!!,negative
Bản thân tôi hài lòng,positive
Buổi tối hôm qua mọi thứ đều ổn định và vui vẻ.,positive
Sản phẩm trung bình!!,neutral
Bản thân tôi xuất sắc.,positive
Trải nghiệm này mình cảm thấy thất vọng!,negative
Buổi sáng nay vượt mong đợi!!,positive
Bản thân tôi hài lòng!,positive
Chuyến đi thất vọng!,negative
Món hàng tôi thấy rất tốt!,positive
Chuyến đi toi vui,positive
Cuộc sống toi phan no!!,negative
Công việc khá ổn.,neutral
Giao dịch tạm ổn!!,neutral
Thời tiết chấp nhận được.,neutral
Hàng hóa thất vọng,negative
Cuộc sống rất kém.,negative
Cuộc sống không đúng mô tả,negative
Chuyến đi cuộc sống thật khó khăn!,negative
Ngày hôm nay cực kỳ ổn!!,positive
Cuộc gặp gỡ không tệ!,neutral
Bản thân tôi rất tệ.,negative
Giao dịch tôi rất vui!,positive
Mình hôm nay thật tuyệt.,positive
Thời tiết ngon lành.,positive
Chuyến đi đáng đồng tiền!,positive
Dịch vụ toi met moi!!,negative
Công việc tiền mất tật mang!,negative
Bản thân tôi tôi chỉ đang quan sát!,neutral
Chuyến đi dịch vụ tận tình!,positive
Buổi sáng nay dịch vụ tệ.,negative
Thời tiết thật là một ngày ý nghĩa.,positive
Cả nhóm tuyệt vời!,positive
Món hàng cuộc sống thật đẹp,positive
Giao dịch cũng được!,neutral
Buổi tối hôm qua đúng như mong đợi!!,neutral
Bản thân tôi cuộc sống thật đẹp,positive
Ngày hôm nay sản phẩm lỗi,negative
Thời tiết ngày hôm nay cũng như mọi ngày!,neutral
Công việc tôi thấy bực mình.,negative
Cả nhóm đáng giá!!,positive
Cả nhóm thất vọng,negative
Công việc mình cảm thấy thất vọng!!,negative
Cuộc gặp gỡ toi phan no!!,negative
Cuộc gặp gỡ tôi đang ở nhà,neutral
Chuyến đi bình thường!,neutral
Bản thân tôi mình đang rất hứng khởi!!,positive
Thời tiết tôi yêu công việc này.,positive
Công việc rất tệ.,negative
Buổi sáng nay khá ổn.,neutral
Buổi sáng nay toi met moi!,negative
Món hàng toi met moi!,negative
Buổi sáng nay không đáng mua!!,negative
Dịch vụ tôi không muốn nói chuyện nữa!,negative
Mình tôi chán nản,negative
Cuộc sống không có gì đặc biệt,neutral
Công việc toi ghet!!,negative
Công việc hoàn toàn thất vọng,negative
Mình tôi chỉ đang quan sát,neutral
Trải nghiệm này tạm hài lòng,neutral
Cả nhóm vượt mong đợi,positive
Mình tôi cực kỳ phấn khích.,positive
Tụi mình toi phan no!!,negative
Giao dịch đóng gói cẩu thả!,negative
Bản thân tôi hôm nay thật tệ,negative
Mình tôi đang ở nhà,neutral
Thời tiết toi met moi!!,negative
Công việc mình cảm thấy hạnh phúc.,positive
Mình chấp nhận được.,neutral
Cuộc sống tạm hài lòng!,neutral
Trải nghiệm này tôi rất vui.,positive
Cuộc sống tôi rất vui,positive
Cả nhóm bình thường.,neutral
Giao dịch rất bực mình!,negative
Thời tiết toi hanh phucrất tốt.,positive
Hàng hóa rất bực mình!!,negative
Bản thân tôi chấp nhận được,neutral
Sản phẩm ngày hôm nay cũng như mọi ngày.,neutral
Tụi mình toi chi dang quan sat.,neutral
Tụi mình cuộc sống thật đẹp.,positive
Chuyến đi máy tính của tôi màu đen!!,neutral
Ngày hôm nay toi khong cam thay gi nhieu.,neutral
Tôi tôi cực kỳ phấn khích!!,positive
Tôi không vui cũng không buồn.,neutral
Buổi tối hôm qua toi buon!!,negative
Cuộc gặp gỡ vừa đủ dùng.,neutral
Bản thân tôi không tệ.,neutral
Buổi sáng nay cuộc sống thật đẹp.,positive
Buổi tối hôm qua tuyệt vời!,positive
Đơn hàng mình cảm thấy thất vọng.,negative
Tôi không hài lòng,negative
Bản thân tôi tôi thấy bực mình!!,negative
Giao dịch toi buon!,negative
Chuyến đi sản phẩm lỗi!,negative
Món hàng dịch vụ tận tình,positive
Hàng hóa chấp nhận được!,neutral
Ngày hôm nay rất đáng mua!!,positive
Món hàng toi ghet!!,negative
Tụi mình mình đang rất mệt mỏi!!,negative
Sản phẩm cuộc sống thật đẹp!,positive
Đơn hàng rất tệ!!,negative
Dịch vụ toi ghet!,negative
Buổi tối hôm qua tôi thấy bình thường!,neutral
Hàng hóa không có gì đặc biệt.,neutral
Tôi không hài lòng.,negative
Cuộc gặp gỡ không vui cũng không buồn,neutral
Giao dịch tôi không muốn nói chuyện nữa,negative
Buổi tối hôm qua tạm ổn!!,neutral
Buổi tối hôm qua tôi chán nản,negative
Mình toi vui!!,positive
Giao dịch xuất sắc!,positive
Bản thân tôi toi that vong!!,negative
Cả nhóm đóng gói cẩu thả.,negative
Sản phẩm cuộc sống thật mệt mỏi!,negative
Buổi tối hôm qua rất đáng mua!!,positive
Sản phẩm mọi thứ đều đi sai hướng.,negative
Chuyến đi rất tệ!!,negative
Buổi tối hôm qua sẽ ủng hộ lần sau.,positive
Thời tiết tôi đang nghe nhạc,neutral
Bản thân tôi tôi đang ở nhà!,neutral
Buổi tối hôm qua vượt mong đợi,positive
Chuyến đi mình cảm thấy hạnh phúc,positive
Buổi tối hôm qua đóng gói cẩu thả.,negative
Tôi đáng giá.,positive
Đơn hàng cực kỳ ổn.,positive
Hàng hóa ổn!,neutral
Hàng hóa hỏng,negative
Hàng hóa rất đáng mua!,positive
Sản phẩm đẹp và bền!!,positive
Thời tiết thời tiết hôm nay bình thường,neutral
Mình toi thich!,positive
Cuộc gặp gỡ thất vọng!,negative
Công việc máy tính của tôi màu đen.,neutral
Thời tiết rất bực mình.,negative
Dịch vụ đóng gói cẩu thả,negative
Giao dịch toi ghet,negative
Món hàng chưa ấn tượng!!,neutral
Tụi mình toi binh thuong!!,neutral
Cuộc gặp gỡ tôi đang ở nhà.,neutral
Mình đây là một cái bàn,neutral
Thời tiết tôi chỉ đang quan sát!,neutral
Buổi sáng nay hôm nay thật tệ!!,negative
Buổi tối hôm qua tuyệt vời!,positive
Tôi hỏng!,negative
Cuộc sống đúng như mong đợi,neutral
Đơn hàng toi thich!!,positive
Buổi sáng nay toi vui!!,positive
Thời tiết rất tệ!,negative
Thời tiết giao hàng chậm.,negative
Công việc đẹp và bền,positive
Trải nghiệm này tôi thấy rất tốt!,positive
Dịch vụ tôi cực kỳ phấn khích.,positive
Thời tiết thời tiết hôm nay bình thường,neutral
Tụi mình rất bực mình,negative
Trải nghiệm này sản phẩm lỗi,negative
Tụi mình rất bực mình,negative
Cả nhóm không đúng mô tả,negative
Giao dịch hài lòng.,positive
Trải nghiệm này máy tính của tôi màu đen!!,neutral
Tụi mình toi khong cam thay gi nhieu!!,neutral
Dịch vụ đúng như mong đợi!,neutral
Tôi tôi không cảm thấy gì nhiều.,neutral
Giao dịch xuất sắc!!,positive
Đơn hàng tạm được.,neutral
Ngày hôm nay tôi cực kỳ phấn khích,positive
Cuộc sống đây là một cái bàn.,neutral
Trải nghiệm này tôi thấy bình thường,neutral
Sản phẩm toi hanh phucrất tốt!,positive
Cuộc sống không hài lòng!,negative
Hàng hóa giao hàng chậm,negative
Tôi tôi thấy bình thường,neutral
Buổi sáng nay tôi có một chiếc xe máy!,neutral
Buổi sáng nay thật là một ngày ý nghĩa!!,positive
Chuyến đi ổn!,neutral
Đơn hàng được thôi!!,neutral
Buổi tối hôm qua chấp nhận được!!,neutral
Tụi mình tôi giận dữ.,negative
Dịch vụ tôi rất vui!,positive
Buổi tối hôm qua mọi thứ đều ổn định và vui vẻ!!,positive
Buổi tối hôm qua cũng được.,neutral
Đơn hàng đáng đồng tiền,positive
Đơn hàng hôm nay thật tuyệt,positive
Món hàng toi buon.,negative
Bản thân tôi tôi có một chiếc xe máy,neutral
Tôi rất tệ!,negative
Tôi cuộc sống thật khó khăn,negative
Công việc toi met moi.,negative
Ngày hôm nay tôi thấy bình thường,neutral
Cuộc sống chấp nhận được.,neutral
Công việc toi that vong.,negative
Bản thân tôi toi chi dang quan sat,neutral
Cuộc gặp gỡ dịch vụ tận tình!!,positive
Tôi dịch vụ tận tình!,positive
Cuộc sống xuất sắc!!,positive
Ngày hôm nay ngon lành!,positive
Chuyến đi không có gì đặc biệt,neutral
Buổi tối hôm qua that la mot ngay kinh khung.,negative
Buổi sáng nay tôi chán nản,negative
Trải nghiệm này mình cảm thấy hạnh phúc.,positive
Cả nhóm không có gì đặc biệt,neutral
Cuộc gặp gỡ khá ổn!!,neutral
Ngày hôm nay đẹp và bền.,positive
Giao dịch ổn,neutral
Cuộc gặp gỡ khá ổn,neutral
Đơn hàng chấp nhận được!,neutral
Cuộc gặp gỡ dịch vụ tận tình!!,positive
Buổi tối hôm qua không đáng mua!,negative
Cuộc sống mình cảm thấy hạnh phúc,positive
Hàng hóa tôi không muốn nói chuyện nữa.,negative
Tụi mình sẽ ủng hộ lần sau!,positive
Trải nghiệm này toi phan no!!,negative
Sản phẩm tôi yêu công việc này!,positive
Mình rất kém!!,negative
Buổi tối hôm qua tôi không cảm thấy gì nhiều!!,neutral
Món hàng tôi chán nản!,negative
Món hàng sản phẩm lỗi.,negative
Tôi tôi giận dữ,negative
Cả nhóm sẽ ủng hộ lần sau!!,positive
Giao dịch rất thích.,positive
Hàng hóa chưa ấn tượng!!,neutral
Buổi tối hôm qua tôi không muốn nói chuyện nữa!!,negative
Giao dịch được thôi.,neutral
Đơn hàng bình thường.,neutral
Cả nhóm sản phẩm lỗi!!,negative
Bản thân tôi khá ổn.,neutral
Thời tiết xuất sắc!,positive
Đơn hàng that la mot ngay kinh khung,negative
Tụi mình đóng gói cẩu thả!!,negative
Mình không có gì đặc biệt!,neutral
Buổi sáng nay toi that vong!,negative
Đơn hàng đúng như mong đợi,neutral
Buổi sáng nay chưa ấn tượng.,neutral
Tôi xuất sắc,positive
Tôi giao hàng chậm!!,negative
Công việc rất thích!,positive
Giao dịch tôi thấy bình thường,neutral
Tụi mình thất vọng,negative
Công việc không đúng mô tả!,negative
Công việc ngày hôm nay cũng như mọi ngày.,neutral
Mình mọi thứ đều ổn định và vui vẻ,positive
Bản thân tôi rất bực mình,negative
Buổi tối hôm qua mọi thứ đều ổn định và vui vẻ!,positive
Chuyến đi tôi không cảm thấy gì nhiều!!,neutral
Chuyến đi tạm được!!,neutral
Mình sẽ ủng hộ lần sau!!,positive
Thời tiết ngon lành.,positive
Món hàng máy tính của tôi màu đen!!,neutral
Chuyến đi hôm nay thật tệ!!,negative
Dịch vụ ổn.,neutral
Công việc rất tệ,negative
Món hàng xuất sắc!,positive
Món hàng tôi không muốn nói chuyện nữa,negative
Buổi sáng nay mình cảm thấy thất vọng,negative
Trải nghiệm này bình thường,neutral
Món hàng vừa đủ dùng,neutral
Cuộc sống tôi ghét công việc này.,negative
Món hàng thật là một ngày ý nghĩa!!,positive
Món hàng tôi thấy rất tốt.,positive
Chuyến đi máy tính của tôi màu đen!!,neutral
Tôi tôi đang nghe nhạc.,neutral
Giao dịch tôi rất vui!,positive
Công việc toi ghet,negative
Mình tôi thấy bực mình!!,negative
Sản phẩm tôi không muốn nói chuyện nữa!,negative
Giao dịch cuộc sống thật mệt mỏi,negative
Công việc mình cảm thấy hạnh phúc.,positive
Công việc tôi có một chiếc xe máy!!,neutral
Cả nhóm đáng đồng tiền!!,positive
Thời tiết hoàn toàn thất vọng.,negative
Bản thân tôi mọi thứ đều đi sai hướng!,negative
Ngày hôm nay tôi không muốn nói chuyện nữa!,negative
Trải nghiệm này tạm ổn!!,neutral
Món hàng tôi rất vui.,positive
Đơn hàng sẽ ủng hộ lần sau.,positive
Trải nghiệm này hoàn toàn thất vọng.,negative
Bản thân tôi hài lòng!,positive
Đơn hàng tôi chỉ đang quan sát,neutral
Thời tiết cực kỳ ổn!,positive
Công việc tôi ghét công việc này,negative
Cả nhóm tôi không muốn nói chuyện nữa.,negative
Trải nghiệm này mình đang rất mệt mỏi,negative
Công việc đúng như mong đợi!!,neutral
Món hàng không có gì đặc biệt!,neutral
Thời tiết chấp nhận được.,neutral
Thời tiết máy tính của tôi màu đen.,neutral
Tôi tạm hài lòng,neutral
Mình toi chi dang quan sat.,neutral
Ngày hôm nay không vui cũng không buồn.,neutral
Buổi sáng nay đúng như mong đợi.,neutral
Dịch vụ bình thường!,neutral
Cả nhóm khá ổn!!,neutral
Buổi tối hôm qua tôi giận dữ.,negative
Trải nghiệm này toi binh thuong.,neutral
Trải nghiệm này tôi đang ở nhà,neutral
Đơn hàng đáng đồng tiền,positive
Cuộc sống toi ghet.,negative
Đơn hàng mình cảm thấy thất vọng!!,negative
Công việc mình đang rất hứng khởi,positive
Mình tôi ghét công việc này!,negative
Chuyến đi mình đang rất hứng khởi!!,positive
Đơn hàng chấp nhận được!,neutral
Hàng hóa bình thường.,neutral
Tôi tuyệt vời!,positive
Dịch vụ tôi rất buồn.,negative
Mình vừa đủ dùng,neutral
Món hàng tôi chán nản!!,negative
Cuộc gặp gỡ toi buon!,negative
Công việc tôi rất buồn,negative
Cả nhóm rất tệ!,negative
Công việc toi chi dang quan sat.,neutral
Món hàng đẹp và bền,positive
Bản thân tôi tạm được!!,neutral
Giao dịch thất vọng.,negative
Cả nhóm được thôi!!,neutral
Công việc toi buon.,negative
Buổi sáng nay vừa đủ dùng.,neutral
Ngày hôm nay toi met moi!,negative
Chuyến đi toi thich,positive
Mình dịch vụ tận tình,positive
Công việc không tệ!!,neutral
Buổi tối hôm qua toi khong cam thay gi nhieu,neutral
Món hàng sẽ ủng hộ lần sau!!,positive
Buổi sáng nay cực kỳ ổn!,positive
Mình tôi giận dữ!,negative
Công việc ngon lành!,positive
Món hàng vượt mong đợi,positive
Tụi mình được thôi,neutral
Bản thân tôi sẽ ủng hộ lần sau.,positive
Tôi tôi cực kỳ phấn khích.,positive
Buổi tối hôm qua tôi chỉ đang quan sát,neutral
Đơn hàng cuộc sống thật khó khăn,negative
Cuộc sống rất thích!,positive
Buổi tối hôm qua tiền mất tật mang!,negative
Giao dịch thời tiết hôm nay bình thường!,neutral
Dịch vụ tôi đang ở nhà.,neutral
Cuộc sống mình đang rất hứng khởi.,positive
Buổi tối hôm qua vượt mong đợi!,positive
Ngày hôm nay toi hanh phucrất tốt!,positive
Tụi mình mình cảm thấy thất vọng!!,negative
Tôi vượt mong đợi.,positive
Mình rất đáng mua.,positive
Món hàng mình cảm thấy hạnh phúc!!,positive
Món hàng that la mot ngay kinh khung.,negative
Đơn hàng mình cảm thấy hạnh phúc!,positive
Món hàng khá ổn!,neutral
Giao dịch không tệ!,neutral
Công việc rất đáng mua,positive
Sản phẩm chưa ấn tượng!,neutral
Buổi sáng nay ngày hôm nay cũng như mọi ngày.,neutral
Bản thân tôi rất kém,negative
Mình mình thấy vô vọng!!,negative
Công việc rất kém!!,negative
Cuộc sống mọi thứ đều ổn định và vui vẻ!!,positive
Dịch vụ toi vui.,positive
Mình cuộc sống thật đẹp,positive
Đơn hàng không đúng mô tả,negative
Dịch vụ toi chi dang quan sat!!,neutral
Cả nhóm dịch vụ tệ,negative
Đơn hàng tạm được!,neutral
Cuộc gặp gỡ sẽ ủng hộ lần sau!,positive
Công việc cuộc sống thật mệt mỏi.,negative
Giao dịch tôi thấy rất tốt!!,positive
Công việc không tệ.,neutral
Cả nhóm hôm nay thật tuyệt!,positive
Mình hôm nay thật tuyệt!,positive
Trải nghiệm này cực kỳ ổn.,positive
Cuộc gặp gỡ bình thường.,neutral
Chuyến đi ngày hôm nay cũng như mọi ngày!!,neutral
Đơn hàng ổn.,neutral
Thời tiết chấp nhận được.,neutral
Cả nhóm dịch vụ tệ!,negative
Trải nghiệm này tiền mất tật mang,negative
Sản phẩm rất thích!,positive
Tụi mình tôi thấy bực mình,negative
Cuộc sống không vui cũng không buồn,neutral
Dịch vụ ngon lành,positive
Chuyến đi cũng được,neutral
Dịch vụ trung bình,neutral
Công việc không đúng mô tả,negative
Trải nghiệm này toi hanh phucrất tốt!,positive
Ngày hôm nay hỏng,negative
Mình tôi thấy rất tốt!!,positive
Cuộc gặp gỡ chưa ấn tượng!!,neutral
Cả nhóm xuất sắc!!,positive
Chuyến đi thời tiết hôm nay bình thường!!,neutral
Mình được thôi!,neutral
Thời tiết dịch vụ tận tình!,positive
Hàng hóa đây là một cái bàn.,neutral
Ngày hôm nay toi chi dang quan sat!!,neutral
Mình đáng giá,positive
Buổi sáng nay dịch vụ tận tình!!,positive
Món hàng thời tiết hôm nay bình thường!!,neutral
Món hàng tôi chỉ đang quan sát,neutral
Mình tôi chỉ đang quan sát.,neutral
Cuộc gặp gỡ hỏng.,negative
Trải nghiệm này tôi yêu công việc này!,positive
Tụi mình tôi yêu công việc này!,positive
Cuộc sống toi hanh phucrất tốt!!,positive
Món hàng đây là một cái bàn.,neutral
Buổi tối hôm qua tôi có một chiếc xe máy!!,neutral
Cuộc sống tuyệt vời,positive
Công việc mình cảm thấy hạnh phúc!,positive
Cuộc gặp gỡ được thôi,neutral
Mình rất bực mình!,negative
Đơn hàng không hài lòng!!,negative
Tôi hoàn toàn thất vọng!,negative
Bản thân tôi tôi ghét công việc này,negative
Buổi tối hôm qua vượt mong đợi.,positive
Tôi rất bực mình!!,negative
Trải nghiệm này khá ổn.,neutral
Cả nhóm tôi thấy bực mình,negative
Cuộc sống xuất sắc.,positive
Công việc toi thich!,positive
Ngày hôm nay không có gì đặc biệt!!,neutral
Cuộc gặp gỡ đây là một cái bàn,neutral
Tôi mình đang rất hứng khởi.,positive
Tụi mình tôi thấy bình thường!,neutral
Mình không hài lòng,negative
Công việc mình cảm thấy hạnh phúc.,positive
Ngày hôm nay thất vọng!,negative
Thời tiết đẹp và bền!,positive
Buổi tối hôm qua ngon lành,positive
Cả nhóm toi khong cam thay gi nhieu.,neutral
Mình toi chi dang quan sat,neutral
Buổi sáng nay đáng giá.,positive
Cả nhóm toi hanh phucrất tốt.,positive
Buổi sáng nay tôi thấy bực mình,negative
Chuyến đi mình cảm thấy thất vọng,negative
Bản thân tôi mình đang rất hứng khởi.,positive
Buổi tối hôm qua ngon lành.,positive
Buổi tối hôm qua tạm hài lòng!,neutral
Trải nghiệm này không đúng mô tả.,negative
Giao dịch hôm nay thật tuyệt!!,positive
Ngày hôm nay không có gì đặc biệt,neutral
Ngày hôm nay toi khong cam thay gi nhieu!!,neutral
Hàng hóa tiền mất tật mang!,negative
Buổi sáng nay không vui cũng không buồn!,neutral
Chuyến đi không có gì đặc biệt!,neutral
Chuyến đi toi met moi,negative
Món hàng đóng gói cẩu thả!,negative
Công việc được thôi!!,neutral
Tụi mình thời tiết hôm nay bình thường!!,neutral
Chuyến đi mình đang rất mệt mỏi,negative
Bản thân tôi mọi thứ đều ổn định và vui vẻ!,positive
Sản phẩm thời tiết hôm nay bình thường,neutral
Ngày hôm nay tôi cực kỳ phấn khích,positive
Mình tôi yêu công việc này!,positive
Cả nhóm tôi rất buồn.,negative
Tụi mình khá ổn,neutral
Món hàng toi thich.,positive
Sản phẩm toi ghet,negative
Tụi mình tuyệt vời!!,positive
Thời tiết xuất sắc!,positive
Công việc toi met moi!,negative
Buổi tối hôm qua mình khuyên nên thử,positive
Món hàng cũng được.,neutral
Cuộc sống sẽ ủng hộ lần sau.,positive
Giao dịch đáng đồng tiền.,positive
Chuyến đi thất vọng!!,negative
Bản thân tôi cực kỳ ổn,positive
Tôi vượt mong đợi!,positive
Ngày hôm nay that la mot ngay kinh khung.,negative
Đơn hàng ổn!,neutral
Hàng hóa tôi giận dữ.,negative
Chuyến đi tôi đang nghe nhạc,neutral
Tụi mình mình khuyên nên thử.,positive
Trải nghiệm này tôi chán nản!,negative
Dịch vụ hoàn toàn thất vọng!!,negative
Giao dịch tôi yêu công việc này!!,positive
Bản thân tôi cực kỳ ổn!,positive
Giao dịch toi hanh phucrất tốt.,positive
Ngày hôm nay đáng đồng tiền!,positive
Dịch vụ bình thường!!,neutral
Ngày hôm nay cực kỳ ổn!,positive
Buổi tối hôm qua tôi yêu công việc này.,positive
Hàng hóa xuất sắc!,positive
Dịch vụ thất vọng!!,negative
Tôi tôi chỉ đang quan sát!,neutral
Hàng hóa ngày hôm nay cũng như mọi ngày,neutral
Dịch vụ khá ổn!!,neutral
Món hàng rất kém,negative
Dịch vụ thật là một ngày ý nghĩa,positive
Hàng hóa tôi giận dữ!!,negative
Dịch vụ toi khong cam thay gi nhieu.,neutral
Sản phẩm phải trả lại,negative
Sản phẩm mình thấy vô vọng.,negative
Trải nghiệm này xuất sắc.,positive
Trải nghiệm này sẽ ủng hộ lần sau.,positive
Ngày hôm nay tạm ổn,neutral
Cả nhóm hôm nay thật tuyệt,positive
Cuộc gặp gỡ rất thích!!,positive
Giao dịch xuất sắc!,positive
Cả nhóm tuyệt vời,positive
Cả nhóm toi khong cam thay gi nhieu!!,neutral
Bản thân tôi được thôi!,neutral
Buổi sáng nay không có gì đặc biệt!!,neutral
Thời tiết phải trả lại,negative
Mình hài lòng!,positive
Cuộc sống toi buon.,negative
Công việc mọi thứ đều đi sai hướng!!,negative
Chuyến đi ổn.,neutral
Trải nghiệm này đáng giá!!,positive
Sản phẩm được thôi!!,neutral
